C_Code;Country;cumulative_confirmed;cumulative_deceased;Sub-region
AFG;Afghanistan;747338;32038;Southern Asia
ALB;Albania;116349;2401;Southern Europe
DZA;Algeria;685373;20023;Northern Africa
AND;Andorra;45279;438;Southern Europe
AGO;Angola;219024;5339;Sub-Saharan Africa
ARG;Argentina;219359666;5179525;Latin America and the Caribbean
ARM;Armenia;1339520;26377;Western Asia
ABW;Aruba;34187;331;Latin America and the Caribbean
AUS;Australia;441494;11213;Australia and New Zealand
AUT;Austria;6768693;107228;Western Europe
AZE;Azerbaijan;111553;1505;Western Asia
BHS;Bahamas;27532;632;Latin America and the Caribbean
BHR;Bahrain;778199;3480;Western Asia
BGD;Bangladesh;6491508;107868;Southern Asia
BRB;Barbados;17227;190;Latin America and the Caribbean
BLR;Belarus;262544;1844;Eastern Europe
BEL;Belgium;1593892;39397;Western Europe
BLZ;Belize;48075;930;Latin America and the Caribbean
BEN;Benin;23458;319;Sub-Saharan Africa
BMU;Bermuda;10451;159;Northern America
BOL;Bolivia;936495;42623;Latin America and the Caribbean
BIH;Bosnia and Herzegovina;665607;25922;Southern Europe
BWA;Botswana;286423;3525;Sub-Saharan Africa
BRA;Brazil;1081060955;31044530;Latin America and the Caribbean
VGB;British Virgin Islands;2568;37;Latin America and the Caribbean
BRN;Brunei;18012;74;South-eastern Asia
BGR;Bulgaria;2190864;90804;Eastern Europe
BFA;Burkina Faso;97281;1519;Sub-Saharan Africa
KHM;Cambodia;128651;2916;South-eastern Asia
CMR;Cameroon;372507;6231;Sub-Saharan Africa
CAN;Canada;17348935;379113;Northern America
CPV;Cape Verde;63796;556;Sub-Saharan Africa
CAF;Central African Republic;21314;225;Sub-Saharan Africa
TCD;Chad;1818;148;Sub-Saharan Africa
CHL;Chile;8777231;210180;Latin America and the Caribbean
CHN;China;1102152;54802;Eastern Asia
COL;Colombia;199423691;5983250;Latin America and the Caribbean
COM;Comoros;19523;730;Sub-Saharan Africa
CRI;Costa Rica;1897189;23808;Latin America and the Caribbean
HRV;Croatia;900360;19107;Southern Europe
CUB;Cuba;362364;2454;Latin America and the Caribbean
CYP;Cyprus;177985;957;Western Asia
CZE;Czech Republic;66140247;1539150;Eastern Europe
COD;Democratic Republic of the Congo;89583;2424;Sub-Saharan Africa
DNK;Denmark;506318;5996;Northern Europe
DJI;Djibouti;28727;304;Sub-Saharan Africa
DMA;Dominica;4366;30;Latin America and the Caribbean
DOM;Dominican Republic;644692;9174;Latin America and the Caribbean
TMP;East Timor;13700;42;South-eastern Asia
ECU;Ecuador;1262982;76480;Latin America and the Caribbean
EGY;Egypt;865677;48140;Northern Africa
SLV;El Salvador;913886;27939;Latin America and the Caribbean
GNQ;Equatorial Guinea;38331;519;Sub-Saharan Africa
ERI;Eritrea;20060;121;Sub-Saharan Africa
EST;Estonia;1974545;18250;Northern Europe
ETH;Ethiopia;932043;14328;Sub-Saharan Africa
FJI;Fiji;148344;1400;Melanesia
FIN;Finland;1551205;17996;Northern Europe
FRA;France;306348247;5442271;Western Europe
GUF;French Guiana;105663;631;Latin America and the Caribbean
PYF;French Polynesia;154503;2029;Polynesia
GAB;Gabon;111803;723;Sub-Saharan Africa
GMB;Gambia;15671;502;Sub-Saharan Africa
GEO;Georgia;1554443;21188;Western Asia
DEU;Germany;190872358;4797964;Western Europe
GHA;Ghana;610361;4688;Sub-Saharan Africa
GIB;Gibraltar;16085;289;Southern Europe
GRC;Greece;766947;17937;Southern Europe
GRD;Grenada;5769;193;Latin America and the Caribbean
GUM;Guam;55396;899;Micronesia
GTM;Guatemala;855241;23730;Latin America and the Caribbean
GIN;Guinea;45292;293;Sub-Saharan Africa
GNB;Guinea-Bissau;27859;525;Sub-Saharan Africa
GUY;Guyana;26151;644;Latin America and the Caribbean
HTI;Haiti;85669;2045;Latin America and the Caribbean
HND;Honduras;757218;19707;Latin America and the Caribbean
HKG;Hong Kong;285799;5273;Eastern Asia
HUN;Hungary;2655043;91305;Eastern Europe
ISL;Iceland;37135;176;Northern Europe
IND;India;1189945898;15879364;Southern Asia
IDN;Indonesia;17383741;518742;South-eastern Asia
IRN;Iran;5695901;129952;Southern Asia
IRQ;Iraq;3294339;45064;Western Asia
IRL;Ireland;1059858;18428;Northern Europe
IMN;Isle of Man;22540;232;Northern Europe
ISR;Israel;11116870;56957;Western Asia
ITA;Italy;27820991;844647;Southern Europe
CIV;Ivory Coast;32297;207;Sub-Saharan Africa
JAM;Jamaica;180857;3921;Latin America and the Caribbean
JPN;Japan;6347083;92988;Eastern Asia
JEY;Jersey;36681;396;Northern Europe
JOR;Jordan;2793599;35347;Western Asia
KAZ;Kazakhstan;1735674;27863;Central Asia
KEN;Kenya;938966;19018;Sub-Saharan Africa
XXK;Kosovo;529139;11351;Eastern Europe
KWT;Kuwait;818483;5002;Western Asia
KGZ;Kyrgyzstan;284838;4449;Central Asia
LAO;Laos;28540;26;South-eastern Asia
LVA;Latvia;156003;2740;Northern Europe
LBN;Lebanon;2391102;29557;Western Asia
LSO;Lesotho;49846;1346;Sub-Saharan Africa
LBR;Liberia;2002;85;Sub-Saharan Africa
LBY;Libya;1095903;17195;Northern Africa
LIE;Liechtenstein;18897;339;Western Europe
LTU;Lithuania;329142;4893;Northern Europe
LUX;Luxembourg;93864;1189;Western Europe
MKD;Macedonia;295753;9852;Southern Europe
MDG;Madagascar;170963;3444;Sub-Saharan Africa
MWI;Malawi;142657;4980;Sub-Saharan Africa
MYS;Malaysia;30175450;261628;South-eastern Asia
MDV;Maldives;97777;278;Southern Asia
MLI;Mali;41937;1550;Sub-Saharan Africa
MLT;Malta;141765;1777;Southern Europe
MTQ;Martinique;148986;2057;Latin America and the Caribbean
MRT;Mauritania;83732;1948;Sub-Saharan Africa
MUS;Mauritius;13584;48;Sub-Saharan Africa
MYT;Mayotte;28284;269;Sub-Saharan Africa
MEX;Mexico;197048537;17837267;Latin America and the Caribbean
MDA;Moldova;292157;7324;Eastern Europe
MCO;Monaco;4816;62;Western Europe
MNG;Mongolia;201741;913;Eastern Asia
MNE;Montenegro;103934;1643;Southern Europe
MAR;Morocco;2195149;38877;Northern Africa
MOZ;Mozambique;635589;8836;Sub-Saharan Africa
MMR;Myanmar;395538;8695;South-eastern Asia
NAM;Namibia;362032;7791;Sub-Saharan Africa
NPL;Nepal;3346034;41611;Southern Asia
NLD;Netherlands;18748976;253977;Western Europe
NCL;New Caledonia;5805;62;Melanesia
NZL;New Zealand;65822;617;Australia and New Zealand
NIC;Nicaragua;13224;467;Latin America and the Caribbean
NER;Niger;20477;724;Sub-Saharan Africa
NGA;Nigeria;554185;8543;Sub-Saharan Africa
NOR;Norway;270855;2210;Northern Europe
OMN;Oman;991276;12139;Western Asia
PAK;Pakistan;1420191;30837;Southern Asia
PSE;Palestine;1063832;11713;Western Asia
PAN;Panama;2180395;38784;Latin America and the Caribbean
PNG;Papua New Guinea;82493;940;Melanesia
PRY;Paraguay;456291;15383;Latin America and the Caribbean
PER;Peru;119790238;11386085;Latin America and the Caribbean
PHL;Philippines;57534218;1204392;South-eastern Asia
POL;Poland;15232878;378727;Eastern Europe
PRT;Portugal;3046303;58664;Southern Europe
PRI;Puerto Rico;400148;8039;Latin America and the Caribbean
QAT;Qatar;631128;976;Western Asia
REU;Réunion;17146;83;Sub-Saharan Africa
COD;Republic of the Congo;45296;707;Sub-Saharan Africa
ROU;Romania;9851362;287567;Eastern Europe
RUS;Russia;39780732;888131;Eastern Europe
RWA;Rwanda;232861;3032;Sub-Saharan Africa
LCA;Saint Lucia;4297;61;Latin America and the Caribbean
SMR;San Marino;21127;468;Southern Europe
SAU;Saudi Arabia;1096026;16805;Western Asia
SEN;Senegal;238954;6235;Sub-Saharan Africa
SRB;Serbia;1706722;17506;Southern Europe
SYC;Seychelles;26148;135;Sub-Saharan Africa
SLE;Sierra Leone;22616;632;Sub-Saharan Africa
SGP;Singapore;70627;48;South-eastern Asia
SXM;Sint Maarten;5110;92;Latin America and the Caribbean
SVK;Slovakia;1807940;42321;Eastern Europe
SVN;Slovenia;1213043;22386;Southern Europe
SOM;Somalia;108755;5083;Sub-Saharan Africa
ZAF;South Africa;29553340;836779;Sub-Saharan Africa
KOR;South Korea;405762;6481;Eastern Asia
SSD;South Sudan;31650;425;Sub-Saharan Africa
ESP;Spain;160431285;3782788;Southern Europe
SDN;Sudan;114470;7944;Northern Africa
SUR;Suriname;66950;1452;Latin America and the Caribbean
SWZ;Swaziland;250861;7442;Sub-Saharan Africa
SWE;Sweden;4360757;82998;Northern Europe
CHE;Switzerland;8122742;126989;Western Europe
SYR;Syria;57745;3381;Western Asia
TWN;Taiwan;175068;8908;Eastern Asia
TJK;Tajikistan;88535;621;Central Asia
TZA;Tanzania;2036;84;Sub-Saharan Africa
THA;Thailand;9427290;86495;South-eastern Asia
TGO;Togo;27033;286;Sub-Saharan Africa
TTO;Trinidad and Tobago;89787;2298;Latin America and the Caribbean
TUN;Tunisia;1206180;42867;Northern Africa
TUR;Turkey;8220505;74004;Western Asia
UGA;Uganda;337686;7276;Sub-Saharan Africa
UKR;Ukraine;16081575;364492;Eastern Europe
ARE;United Arab Emirates;3534065;10469;Western Asia
GBR;United Kingdom;92371916;2066137;Northern Europe
USA;United States of America;622104535;11435429;Northern America
VIR;United States Virgin Islands;20814;231;Latin America and the Caribbean
URY;Uruguay;525980;7295;Latin America and the Caribbean
UZB;Uzbekistan;511000;3809;Central Asia
VEN;Venezuela;1706706;19167;Latin America and the Caribbean
VNM;Vietnam;887353;18392;South-eastern Asia
YEM;Yemen;14299;3436;Western Asia
ZMB;Zambia;336754;5256;Sub-Saharan Africa
ZWE;Zimbabwe;150639;5165;Sub-Saharan Africa
